{"best_val_loss": 2.550553560256958, "epoch": 2, "train loss": 1.8093929160386324, "val loss": 2.791964113712311, "lr": 0.0003, "_timestamp": 1675115108.8682883, "_runtime": 107.35647130012512, "_step": 1}