{"best_val_loss": 1.2278494834899902, "epoch": 100, "train loss": 0.8452445566654205, "val loss": 1.2539035379886627, "_timestamp": 1675104695.6355622, "_runtime": 4367.005243062973, "_step": 99, "_wandb": {"runtime": 4367}}