{"best_val_loss": 4.464159607887268, "epoch": 300, "train loss": 3.847783682896541, "val loss": 5.875534176826477, "lr": 0.0003, "train cross-entropy loss": 1.752704614859361, "val cross-entropy loss": 0.44914788007736206, "train contrastive loss": 2.095079069871169, "val contrastive loss": 1.000835657119751, "_timestamp": 1675620808.5125058, "_runtime": 32301.069392681122, "_step": 299, "_wandb": {"runtime": 32301}}