{"best_val_loss": 154.82337188720703, "epoch": 300, "train loss": 130.6049569936899, "val loss": 192.68833541870117, "lr": 0.0009375, "train cross-entropy loss": 1.7248038988846999, "val cross-entropy loss": 0.43128207325935364, "train contrastive loss": 2.5776030632165763, "val contrastive loss": 0.9108041524887085, "_timestamp": 1675656409.8317306, "_runtime": 32179.557909488678, "_step": 299, "_wandb": {"runtime": 32179}}