{"best_val_loss": 5.934844255447388, "epoch": 10, "train loss": 6.343962125480175, "val loss": 6.319907188415527, "lr": 0.0003, "train cross-entropy loss": 1.875146422535181, "val cross-entropy loss": 0.5025076866149902, "train contrastive loss": 4.468815725296736, "val contrastive loss": 1.05753755569458, "_timestamp": 1675354483.2388468, "_runtime": 707.4042446613312, "_step": 9, "_wandb": {"runtime": 707}}