{"best_val_loss": 5.9451820850372314, "epoch": 4, "train loss": 6.335911068549523, "val loss": 6.329390168190002, "lr": 0.0003, "train cross-entropy loss": 2.0628766059875487, "val cross-entropy loss": 0.5988063216209412, "train contrastive loss": 4.273034447890062, "val contrastive loss": 0.9942191243171692, "_timestamp": 1675588458.968403, "_runtime": 296.6263802051544, "_step": 3}