{"best_val_loss": 1.720812737941742, "epoch": 1, "train loss": 1.9765655864030123, "val loss": 1.720812737941742, "lr": 0.0003, "_timestamp": 1675115205.699049, "_runtime": 63.98610305786133, "_step": 0}