{"best_val_loss": 0.9931409955024719, "epoch": 1000, "train loss": 0.7556295581161976, "val loss": 1.5577429234981537, "lr": 0.0003, "_timestamp": 1675158478.1827836, "_runtime": 43215.47876358032, "_step": 999, "_wandb": {"runtime": 43215}}