{"best_val_loss": 1.7840261161327362, "epoch": 2, "train loss": 1.7969149854034185, "val loss": 3.415959656238556, "lr": 0.0003, "_timestamp": 1675115370.3001344, "_runtime": 107.59611439704895, "_step": 1}