{"best_val_loss": 3.5205875635147095, "epoch": 300, "train loss": 3.105517112291776, "val loss": 4.335375785827637, "lr": 3.0000000000000005e-06, "train cross-entropy loss": 1.8018874920331516, "val cross-entropy loss": 0.4322945773601532, "train contrastive loss": 3.105517112291776, "val contrastive loss": 1.0455849170684814, "_timestamp": 1675681587.1078718, "_runtime": 20367.48644065857, "_step": 299, "_wandb": {"runtime": 20367}}