{"best_val_loss": 0.3437865674495697, "epoch": 1, "lr": 0.003, "train cross-entropy loss": 1.598067412009606, "val cross-entropy loss": 0.3437865674495697, "_timestamp": 1676377570.5830717, "_runtime": 90.94882273674011, "_step": 0}