{"best_val_loss": 5.660730481147766, "epoch": 300, "train loss": 4.722049676454985, "val loss": 9.546533107757568, "lr": 3.0000000000000004e-09, "train cross-entropy loss": 1.66406569480896, "val cross-entropy loss": 1.1403146982192993, "train contrastive loss": 3.0579839853140025, "val contrastive loss": 1.0712867975234985, "_timestamp": 1675621080.5888395, "_runtime": 32304.77473449707, "_step": 299, "_wandb": {"runtime": 32305}}