{"best_val_loss": 0.0, "epoch": 9, "train loss": 1.3351023197174072, "val loss": 0.0, "_timestamp": 1675100204.4032726, "_runtime": 411.80520367622375, "_step": 8}