{"best_val_loss": 16.498465538024902, "epoch": 300, "train loss": 11.88521894308237, "val loss": 20.646678924560547, "lr": 0.0009375, "train cross-entropy loss": 1.6888446422723624, "val cross-entropy loss": 0.4213775396347046, "train contrastive loss": 2.0392748557604277, "val contrastive loss": 0.9370978474617004, "_timestamp": 1675656206.445205, "_runtime": 32189.364603042603, "_step": 299, "_wandb": {"runtime": 32189}}