{"best_val_loss": 1.6186569035053253, "epoch": 26, "train loss": 1.1373594235628843, "val loss": 1.787382423877716, "lr": 0.0003, "_timestamp": 1675113993.455228, "_runtime": 1170.7563021183014, "_step": 25}